Fila,Participante,Participante_declarado_original,Confianza_verificacion,Codigo_abierto,Categoria_axial,Codigo_axial
1,P03,P01,"confirmado_literal | LITERAL verificado contra transcripcion real (cita corregida a verbatim, 20/09/2026)",Historial mixto físico-digital básico,Historia clínica y gestión de pacientes,"Registro clínico no digitalizado o disperso (físico, Word, ofimática, plataformas básicas)"
2,P03,P01,"confirmado_literal | LITERAL_CON_ELIPSIS verificado contra transcripcion real (cita corregida a verbatim, 20/09/2026)",Demora en búsqueda de historial,Historia clínica y gestión de pacientes,Búsqueda lenta o poco confiable del historial
3,P03,P01,"confirmado_literal | LITERAL verificado contra transcripcion real (cita corregida a verbatim, 20/09/2026)",Sobrecarga en facturación sin personal,Gestión administrativa y financiera,Sobrecarga administrativa/operativa sin personal de apoyo
4,P03,P01,"confirmado_literal | LITERAL verificado contra transcripcion real (cita corregida a verbatim, 20/09/2026)",Control de inventario semanal manual,Inventario,Ausencia de control de inventario formal (manual/inexistente)
5,P03,P01,"confirmado_literal | LITERAL_CON_ELIPSIS verificado contra transcripcion real (cita corregida a verbatim, 20/09/2026)",Atención con y sin cita previa,Citas y comunicación con propietarios,Modalidad mixta de atención (con y sin cita previa)
6,P03,P01,"confirmado_literal | LITERAL verificado contra transcripcion real (cita corregida a verbatim, 20/09/2026)",Comunicación vía WhatsApp,Citas y comunicación con propietarios,Canales informales de comunicación con propietarios (WhatsApp/teléfono)
7,P03,P01,"confirmado_literal | LITERAL_CON_ELIPSIS verificado contra transcripcion real (cita corregida a verbatim, 20/09/2026)",Seguimiento clínico variable según patología,Historia clínica y gestión de pacientes,Seguimiento clínico configurable según edad/patología
8,P03,P01,"confirmado_literal | LITERAL verificado contra transcripcion real (cita corregida a verbatim, 20/09/2026)",Bajo cumplimiento de indicaciones médicas,Citas y comunicación con propietarios,Bajo cumplimiento de indicaciones médicas y seguimiento post-alta
9,P03,P01,"confirmado_literal | LITERAL_CON_ELIPSIS verificado contra transcripcion real (cita corregida a verbatim, 20/09/2026)",Diagnóstico remoto no aceptado sin evaluación física,Inteligencia Artificial,Rechazo al diagnóstico automatizado sin evaluación física
10,P03,P01,"confirmado_literal | LITERAL verificado contra transcripcion real (cita corregida a verbatim, 20/09/2026)",Cálculo asistido de dosis por peso,Inteligencia Artificial,Cálculo asistido de dosis por peso
11,P03,P01,"confirmado_literal | LITERAL_CON_ELIPSIS verificado contra transcripcion real (cita corregida a verbatim, 20/09/2026)",Aceptación moderada de IA diagnóstica,Inteligencia Artificial,Aceptación variable de IA diagnóstica (de moderada a alta)
12,P03,P01,"confirmado_literal | LITERAL verificado contra transcripcion real (cita corregida a verbatim, 20/09/2026)",Carga administrativa alta,Gestión administrativa y financiera,Sobrecarga administrativa/operativa sin personal de apoyo
13,P03,P01,"confirmado_literal | LITERAL verificado contra transcripcion real (cita corregida a verbatim, 20/09/2026)",Validación profesional previa a aplicar sugerencias de IA,Inteligencia Artificial,Validación/revisión obligatoria del veterinario sobre sugerencias de IA
14,P03,P01,"confirmado_literal | LITERAL verificado contra transcripcion real (cita corregida a verbatim, 20/09/2026)",Registro detallado de medicamentos administrados,Historia clínica y gestión de pacientes,Ficha clínica estructurada con campos estándar y registro detallado de tratamientos
15,P03,P01,"confirmado_literal | LITERAL verificado contra transcripcion real (cita corregida a verbatim, 20/09/2026)",Adopción por todo el equipo de la clínica,Usabilidad y desempeño,Adopción por todo el personal de la clínica (no solo veterinarios)
16,P03,P01,"confirmado_literal | LITERAL verificado contra transcripcion real (cita corregida a verbatim, 20/09/2026)",Preferencia de dispositivo tipo tablet,Usabilidad y desempeño,"Preferencia de acceso multiplataforma/móvil (celular, laptop, tablet)"
17,P05,P02,"confirmado_literal | LITERAL_CON_ELIPSIS verificado contra transcripcion real (cita corregida a verbatim, 20/09/2026)",Uso de plataforma veterinaria integral,Historia clínica y gestión de pacientes,"Registro clínico no digitalizado o disperso (físico, Word, ofimática, plataformas básicas)"
18,P05,P02,"confirmado_literal | LITERAL_CON_ELIPSIS verificado contra transcripcion real (cita corregida a verbatim, 20/09/2026)",Búsqueda sensible a errores tipográficos,Historia clínica y gestión de pacientes,Búsqueda lenta o poco confiable del historial
19,P05,P02,"confirmado_literal | LITERAL verificado contra transcripcion real (cita corregida a verbatim, 20/09/2026)",Dependencia de datos completos para generar consulta,Gestión administrativa y financiera,Validación de datos y automatización de la facturación (incl. integración SRI)
20,P05,P02,"confirmado_literal | LITERAL_CON_ELIPSIS verificado contra transcripcion real (cita corregida a verbatim, 20/09/2026)",Impacto económico de inasistencias a citas,Citas y comunicación con propietarios,Impacto de inasistencias y pérdida de seguimiento
21,P05,P02,"confirmado_literal | LITERAL verificado contra transcripcion real (cita corregida a verbatim, 20/09/2026)",Control de inventario mediante plataforma,Inventario,Registro de inventario en herramientas no integradas (plataforma externa/Excel)
22,P05,P02,"confirmado_literal | LITERAL_CON_ELIPSIS verificado contra transcripcion real (cita corregida a verbatim, 20/09/2026)",Registro de peso en cartillas físicas,Historia clínica y gestión de pacientes,Registro histórico de peso y estado nutricional
23,P05,P02,"confirmado_literal | LITERAL_CON_ELIPSIS verificado contra transcripcion real (cita corregida a verbatim, 20/09/2026)",Desacuerdo con diagnóstico automatizado,Inteligencia Artificial,Rechazo al diagnóstico automatizado sin evaluación física
24,P05,P02,"confirmado_literal | LITERAL_CON_ELIPSIS verificado contra transcripcion real (cita corregida a verbatim, 20/09/2026)",Automatización de recordatorios de citas,Citas y comunicación con propietarios,Automatización de recordatorios de citas
25,P05,P02,"confirmado_literal | LITERAL verificado contra transcripcion real (cita corregida a verbatim, 20/09/2026)",Prioridad en protección de datos y soporte técnico,Seguridad,Protección de datos del paciente/propietario
26,P05,P02,"confirmado_literal | LITERAL_CON_ELIPSIS verificado contra transcripcion real (cita corregida a verbatim, 20/09/2026)",Prioridad en agenda y recordatorios automáticos,Citas y comunicación con propietarios,Automatización de recordatorios de citas
27,P05,P02,"confirmado_literal | LITERAL_CON_ELIPSIS verificado contra transcripcion real (cita corregida a verbatim, 20/09/2026)",Preferencia de acceso móvil,Usabilidad y desempeño,"Preferencia de acceso multiplataforma/móvil (celular, laptop, tablet)"
28,P04,P03,"confirmado_literal | LITERAL verificado contra transcripcion real (cita corregida a verbatim, 20/09/2026)",Historial clínico en documentos de Word,Historia clínica y gestión de pacientes,"Registro clínico no digitalizado o disperso (físico, Word, ofimática, plataformas básicas)"
29,P04,P03,"confirmado_literal | LITERAL verificado contra transcripcion real (cita corregida a verbatim, 20/09/2026)",Búsqueda manual lenta del historial,Historia clínica y gestión de pacientes,Búsqueda lenta o poco confiable del historial
30,P04,P03,"confirmado_literal | LITERAL verificado contra transcripcion real (cita corregida a verbatim, 20/09/2026)",Ausencia de control de inventario formal,Inventario,Ausencia de control de inventario formal (manual/inexistente)
31,P04,P03,"confirmado_literal | LITERAL_CON_ELIPSIS verificado contra transcripcion real (cita corregida a verbatim, 20/09/2026)",Cronograma de seguimiento de cachorros,Historia clínica y gestión de pacientes,Seguimiento clínico configurable según edad/patología
32,P04,P03,"confirmado_literal | LITERAL verificado contra transcripcion real (cita corregida a verbatim, 20/09/2026)",Seguimiento post-alta intensivo,Citas y comunicación con propietarios,Bajo cumplimiento de indicaciones médicas y seguimiento post-alta
33,P14,P03,"confirmado_literal | LITERAL verificado contra transcripcion real (cita corregida a verbatim, 20/09/2026)",Alta aceptación de IA diagnóstica,Inteligencia Artificial,Aceptación variable de IA diagnóstica (de moderada a alta)
34,P04,P03,"confirmado_literal | LITERAL verificado contra transcripcion real (cita corregida a verbatim, 20/09/2026)",Carga de monitoreo de pacientes hospitalizados,Usabilidad y desempeño,Carga de monitoreo en pacientes hospitalizados
35,P04,P03,"confirmado_literal | LITERAL verificado contra transcripcion real (cita corregida a verbatim, 20/09/2026)",Revisión veterinaria de sugerencias de IA,Inteligencia Artificial,Validación/revisión obligatoria del veterinario sobre sugerencias de IA
36,P04,P03,"confirmado_literal | LITERAL verificado contra transcripcion real (cita corregida a verbatim, 20/09/2026)",Prioridad en historial clínico digital,Historia clínica y gestión de pacientes,Priorización de un sistema centralizado de historial y seguimiento de citas
37,P04,P03,"confirmado_literal | LITERAL verificado contra transcripcion real (cita corregida a verbatim, 20/09/2026)",Acceso multiplataforma,Usabilidad y desempeño,"Preferencia de acceso multiplataforma/móvil (celular, laptop, tablet)"
38,P01,P04,"confirmado_literal | LITERAL verificado contra transcripcion real (cita corregida a verbatim, 20/09/2026)",Historial en aplicaciones ofimáticas,Historia clínica y gestión de pacientes,"Registro clínico no digitalizado o disperso (físico, Word, ofimática, plataformas básicas)"
39,P01,P04,"confirmado_literal | LITERAL verificado contra transcripcion real (cita corregida a verbatim, 20/09/2026)",Búsqueda desorganizada del historial,Historia clínica y gestión de pacientes,Búsqueda lenta o poco confiable del historial
40,P01,P04,"confirmado_literal | LITERAL verificado contra transcripcion real (cita corregida a verbatim, 20/09/2026)",Demora en el sistema de facturación,Usabilidad y desempeño,Lentitud del sistema de facturación actual
41,P01,P04,"confirmado_literal | LITERAL_CON_ELIPSIS verificado contra transcripcion real (cita corregida a verbatim, 20/09/2026)",Falta de alertas de vencimiento en el sistema actual,Inventario,Falta de alertas automáticas de vencimiento/revisión oportuna
42,P01,P04,"confirmado_literal | LITERAL_CON_ELIPSIS verificado contra transcripcion real (cita corregida a verbatim, 20/09/2026)",Pérdida de seguimiento por inasistencias a citas,Citas y comunicación con propietarios,Impacto de inasistencias y pérdida de seguimiento
43,P01,P04,"confirmado_literal | LITERAL verificado contra transcripcion real (cita corregida a verbatim, 20/09/2026)",Envío de resultados por WhatsApp,Citas y comunicación con propietarios,Canales informales de comunicación con propietarios (WhatsApp/teléfono)
44,P01,P04,"confirmado_literal | LITERAL verificado contra transcripcion real (cita corregida a verbatim, 20/09/2026)",Validación humana del diagnóstico sugerido por IA,Inteligencia Artificial,Validación/revisión obligatoria del veterinario sobre sugerencias de IA
45,P01,P04,"confirmado_literal | LITERAL verificado contra transcripcion real (cita corregida a verbatim, 20/09/2026)",Portabilidad multiplataforma,Usabilidad y desempeño,"Preferencia de acceso multiplataforma/móvil (celular, laptop, tablet)"
46,P02,P05,"confirmado_literal | LITERAL_CON_ELIPSIS verificado contra transcripcion real (cita corregida a verbatim, 20/09/2026)",Falta de información inicial del propietario,Historia clínica y gestión de pacientes,Captura de datos del propietario/paciente incompleta o progresiva
47,P02,P05,"confirmado_literal | LITERAL_CON_ELIPSIS verificado contra transcripcion real (cita corregida a verbatim, 20/09/2026)",Ausencia de inventario formal y caducidad no controlada,Inventario,Ausencia de control de inventario formal (manual/inexistente)
48,P02,P05,"confirmado_literal | LITERAL verificado contra transcripcion real (cita corregida a verbatim, 20/09/2026)",Comunicación telefónica y recordatorio de citas,Citas y comunicación con propietarios,Canales informales de comunicación con propietarios (WhatsApp/teléfono)
49,P02,P05,"confirmado_literal | LITERAL verificado contra transcripcion real (cita corregida a verbatim, 20/09/2026)",Sin uso de software especializado,Historia clínica y gestión de pacientes,"Registro clínico no digitalizado o disperso (físico, Word, ofimática, plataformas básicas)"
50,P02,P05,"confirmado_literal | LITERAL verificado contra transcripcion real (cita corregida a verbatim, 20/09/2026)",Confianza moderada en IA diagnóstica,Inteligencia Artificial,Aceptación variable de IA diagnóstica (de moderada a alta)
51,P02,P05,"confirmado_literal | LITERAL verificado contra transcripcion real (cita corregida a verbatim, 20/09/2026)",Necesidad de módulo contable,Gestión administrativa y financiera,Necesidad de módulo contable y costo como barrera de adopción
52,P02,P05,"confirmado_literal | LITERAL verificado contra transcripcion real (cita corregida a verbatim, 20/09/2026)",Facilidad de uso y bajo costo como criterio de adopción,Usabilidad y desempeño,Facilidad de uso sin experiencia digital y bajo costo
53,P07,P06,"confirmado_literal | LITERAL verificado contra transcripcion real (cita corregida a verbatim, 20/09/2026)",Datos incompletos o inexactos del paciente,Historia clínica y gestión de pacientes,Captura de datos del propietario/paciente incompleta o progresiva
54,P07,P06,"confirmado_literal | LITERAL verificado contra transcripcion real (cita corregida a verbatim, 20/09/2026)",Facturación electrónica mediante SRI,Gestión administrativa y financiera,Validación de datos y automatización de la facturación (incl. integración SRI)
55,P07,P06,"confirmado_literal | LITERAL verificado contra transcripcion real (cita corregida a verbatim, 20/09/2026)",Faltantes de inventario por logística de pedidos,Inventario,Faltantes de stock por logística de pedidos
56,P07,P06,"confirmado_literal | LITERAL verificado contra transcripcion real (cita corregida a verbatim, 20/09/2026)",Control de inventario mediante Excel,Inventario,Registro de inventario en herramientas no integradas (plataforma externa/Excel)
57,P07,P06,"confirmado_literal | LITERAL verificado contra transcripcion real (cita corregida a verbatim, 20/09/2026)",Registro de peso en fichas físicas,Historia clínica y gestión de pacientes,Registro histórico de peso y estado nutricional
58,P07,P06,"confirmado_literal | LITERAL_CON_ELIPSIS verificado contra transcripcion real (cita corregida a verbatim, 20/09/2026)",Bajo cumplimiento detectado tardíamente,Citas y comunicación con propietarios,Bajo cumplimiento de indicaciones médicas y seguimiento post-alta
59,P07,P06,"confirmado_literal | LITERAL verificado contra transcripcion real (cita corregida a verbatim, 20/09/2026)",Necesidad de recordatorios de tareas médicas,Citas y comunicación con propietarios,Recordatorios de tareas médicas y vacunación
60,P07,P06,"confirmado_literal | LITERAL_CON_ELIPSIS verificado contra transcripcion real (cita corregida a verbatim, 20/09/2026)",Condiciones de confianza en IA: revisión y actualizaciones,Inteligencia Artificial,Validación/revisión obligatoria del veterinario sobre sugerencias de IA
61,P07,P06,"confirmado_literal | LITERAL_CON_ELIPSIS verificado contra transcripcion real (cita corregida a verbatim, 20/09/2026)",Prioridad en control y recordatorio de vacunas,Historia clínica y gestión de pacientes,Control y recordatorio de vacunación
62,P07,P06,"confirmado_literal | LITERAL verificado contra transcripcion real (cita corregida a verbatim, 20/09/2026)",Costo como barrera de adopción,Gestión administrativa y financiera,Necesidad de módulo contable y costo como barrera de adopción
63,P06,P07,"confirmado_literal | LITERAL verificado contra transcripcion real (cita corregida a verbatim, 20/09/2026)",Fichas físicas sin respaldo digital,Historia clínica y gestión de pacientes,"Registro clínico no digitalizado o disperso (físico, Word, ofimática, plataformas básicas)"
64,P06,P07,"confirmado_literal | LITERAL verificado contra transcripcion real (cita corregida a verbatim, 20/09/2026)",Información incompleta del propietario durante urgencias,Historia clínica y gestión de pacientes,Captura de datos del propietario/paciente incompleta o progresiva
65,P06,P07,"confirmado_literal | LITERAL verificado contra transcripcion real (cita corregida a verbatim, 20/09/2026)",Campos estándar de ficha clínica,Historia clínica y gestión de pacientes,Ficha clínica estructurada con campos estándar y registro detallado de tratamientos
66,P06,P07,"confirmado_literal | LITERAL verificado contra transcripcion real (cita corregida a verbatim, 20/09/2026)",Limitación del diagnóstico remoto mediante fotos,Inteligencia Artificial,Validación/revisión obligatoria del veterinario sobre sugerencias de IA
67,P06,P07,"confirmado_literal | LITERAL verificado contra transcripcion real (cita corregida a verbatim, 20/09/2026)",Necesidad de seguimiento domiciliario,Citas y comunicación con propietarios,Bajo cumplimiento de indicaciones médicas y seguimiento post-alta
68,P06,P07,"confirmado_literal | LITERAL_CON_ELIPSIS verificado contra transcripcion real (cita corregida a verbatim, 20/09/2026)",Prioridad en notificaciones de vacunación,Citas y comunicación con propietarios,Recordatorios de tareas médicas y vacunación
69,P06,P07,"confirmado_literal | LITERAL_CON_ELIPSIS verificado contra transcripcion real (cita corregida a verbatim, 20/09/2026)",Requisito de seguridad y estabilidad,Seguridad,Estabilidad y confiabilidad operativa del sistema
70,P06,P07,"confirmado_literal | LITERAL_CON_ELIPSIS verificado contra transcripcion real (cita corregida a verbatim, 20/09/2026)",Preferencia de acceso vía laptop y celular,Usabilidad y desempeño,"Preferencia de acceso multiplataforma/móvil (celular, laptop, tablet)"
71,P08,P08,"confirmado_literal | LITERAL_CON_ELIPSIS verificado contra transcripcion real (cita corregida a verbatim, 20/09/2026)",Falta de revisión oportuna del inventario,Inventario,Falta de alertas automáticas de vencimiento/revisión oportuna
72,P08,P08,"confirmado_literal | LITERAL verificado contra transcripcion real (cita corregida a verbatim, 20/09/2026)",Alarma de próxima cita ya existente,Citas y comunicación con propietarios,Automatización de recordatorios de citas
73,P08,P08,"confirmado_literal | LITERAL verificado contra transcripcion real (cita corregida a verbatim, 20/09/2026)",Control periódico de peso en cachorros,Historia clínica y gestión de pacientes,Seguimiento clínico configurable según edad/patología
74,P08,P08,"confirmado_literal | LITERAL verificado contra transcripcion real (cita corregida a verbatim, 20/09/2026)",Verificación de cumplimiento mediante evidencia física,Citas y comunicación con propietarios,Verificación del cumplimiento mediante evidencia
75,P08,P08,"confirmado_literal | LITERAL_CON_ELIPSIS verificado contra transcripcion real (cita corregida a verbatim, 20/09/2026)",Automatización de mensajería para gestión de citas,Inteligencia Artificial,Automatización de mensajería/chatbot para gestión de citas
76,P08,P08,"confirmado_literal | LITERAL_CON_ELIPSIS verificado contra transcripcion real (cita corregida a verbatim, 20/09/2026)","Condiciones de confianza en IA: literatura validada, revisión y protección de datos",Inteligencia Artificial,"Condiciones de confianza en IA (literatura validada, revisión, actualizaciones, protección de datos)"
77,P08,P08,"confirmado_literal | LITERAL verificado contra transcripcion real (cita corregida a verbatim, 20/09/2026)",Automatización total de recordatorios de citas,Citas y comunicación con propietarios,Automatización de recordatorios de citas
78,P08,P08,"confirmado_literal | LITERAL verificado contra transcripcion real (cita corregida a verbatim, 20/09/2026)",Preferencia de acceso vía laptop,Usabilidad y desempeño,"Preferencia de acceso multiplataforma/móvil (celular, laptop, tablet)"
79,P09,P09,"confirmado_literal | LITERAL verificado contra transcripcion real (cita corregida a verbatim, 20/09/2026)",Registro no digitalizado en libreta física y notas de celular,Historia clínica y gestión de pacientes,"Registro clínico no digitalizado o disperso (físico, Word, ofimática, plataformas básicas)"
80,P09,P09,"confirmado_literal | LITERAL_CON_ELIPSIS verificado contra transcripcion real (cita corregida a verbatim, 20/09/2026)",Búsqueda lenta del historial por revisión física retrospectiva,Historia clínica y gestión de pacientes,Búsqueda lenta o poco confiable del historial
81,P09,P09,"confirmado_literal | LITERAL verificado contra transcripcion real (cita corregida a verbatim, 20/09/2026)",Facturación completamente manual sin software,Gestión administrativa y financiera,Errores y demoras de facturación por procesos manuales
82,P09,P09,"confirmado_literal | LITERAL verificado contra transcripcion real (cita corregida a verbatim, 20/09/2026)",Ausencia de inventario formal; interés inicial en digitalizarlo,Inventario,Ausencia de control de inventario formal (manual/inexistente)
83,P09,P09,"confirmado_literal | LITERAL_CON_ELIPSIS verificado contra transcripcion real (cita corregida a verbatim, 20/09/2026)",Impacto de cancelaciones de último momento en la agenda,Citas y comunicación con propietarios,Impacto de inasistencias y pérdida de seguimiento
84,P09,P09,"confirmado_literal | LITERAL verificado contra transcripcion real (cita corregida a verbatim, 20/09/2026)",Interés en recordatorios automáticos con confirmación por WhatsApp,Citas y comunicación con propietarios,Automatización de recordatorios de citas
85,P09,P09,"confirmado_literal | LITERAL_CON_ELIPSIS verificado contra transcripcion real (cita corregida a verbatim, 20/09/2026)",Envío de resultados y seguimiento vía WhatsApp,Citas y comunicación con propietarios,Canales informales de comunicación con propietarios (WhatsApp/teléfono)
86,P09,P09,"confirmado_literal | LITERAL verificado contra transcripcion real (cita corregida a verbatim, 20/09/2026)","Registro de peso en carnet físico, sin versión digital",Historia clínica y gestión de pacientes,Registro histórico de peso y estado nutricional
87,P09,P09,"confirmado_literal | LITERAL_CON_ELIPSIS verificado contra transcripcion real (cita corregida a verbatim, 20/09/2026)",Diagnóstico remoto limitado a fotos; evaluación física obligatoria,Inteligencia Artificial,Rechazo al diagnóstico automatizado sin evaluación física
88,P09,P09,"confirmado_literal | LITERAL verificado contra transcripcion real (cita corregida a verbatim, 20/09/2026)",Aceptación moderada-alta de IA diagnóstica (4/5),Inteligencia Artificial,Aceptación variable de IA diagnóstica (de moderada a alta)
89,P09,P09,"confirmado_literal | LITERAL verificado contra transcripcion real (cita corregida a verbatim, 20/09/2026)",Experiencia previa positiva con software veterinario,Usabilidad y desempeño,Experiencia previa positiva con software veterinario
90,P09,P09,"confirmado_literal | LITERAL_CON_ELIPSIS verificado contra transcripcion real (cita corregida a verbatim, 20/09/2026)",Preferencia de acceso vía computadora y teléfono móvil,Usabilidad y desempeño,"Preferencia de acceso multiplataforma/móvil (celular, laptop, tablet)"
91,P12,P10,"confirmado_literal | LITERAL verificado contra transcripcion real (cita corregida a verbatim, 20/09/2026)",Registro clínico mixto digital-físico con anotaciones diferidas,Historia clínica y gestión de pacientes,"Registro clínico no digitalizado o disperso (físico, Word, ofimática, plataformas básicas)"
92,P12,P10,"confirmado_literal | LITERAL verificado contra transcripcion real (cita corregida a verbatim, 20/09/2026)",Dificultad para localizar antecedentes rápidamente,Historia clínica y gestión de pacientes,Búsqueda lenta o poco confiable del historial
93,P12,P10,"confirmado_literal | LITERAL verificado contra transcripcion real (cita corregida a verbatim, 20/09/2026)",Errores de facturación por comprobación manual de procedimientos múltiples,Gestión administrativa y financiera,Errores y demoras de facturación por procesos manuales
94,P12,P10,"confirmado_literal | LITERAL verificado contra transcripcion real (cita corregida a verbatim, 20/09/2026)",Dificultad para detectar anticipadamente vencimiento/agotamiento de stock,Inventario,Falta de alertas automáticas de vencimiento/revisión oportuna
95,P12,P10,"confirmado_literal | LITERAL verificado contra transcripcion real (cita corregida a verbatim, 20/09/2026)",Reasignación de espacios de agenda tras cancelaciones,Citas y comunicación con propietarios,Impacto de inasistencias y pérdida de seguimiento
96,P12,P10,"confirmado_literal | LITERAL verificado contra transcripcion real (cita corregida a verbatim, 20/09/2026)",Seguimiento manual de pacientes vía WhatsApp y llamadas consume tiempo,Citas y comunicación con propietarios,Canales informales de comunicación con propietarios (WhatsApp/teléfono)
97,P12,P10,"confirmado_literal | LITERAL verificado contra transcripcion real (cita corregida a verbatim, 20/09/2026)",Interés en IA como apoyo para reducir tiempo en historia clínica y tratamiento,Inteligencia Artificial,Interés en IA como apoyo para reducir carga de trabajo
98,P12,P10,"confirmado_literal | LITERAL verificado contra transcripcion real (cita corregida a verbatim, 20/09/2026)",Confianza moderada en IA como comparación con criterio propio,Inteligencia Artificial,Aceptación variable de IA diagnóstica (de moderada a alta)
99,P12,P10,"confirmado_literal | LITERAL verificado contra transcripcion real (cita corregida a verbatim, 20/09/2026)",Condición de confianza: protección de datos y soporte técnico,Seguridad,Protección de datos del paciente/propietario
100,P12,P10,"confirmado_literal | LITERAL verificado contra transcripcion real (cita corregida a verbatim, 20/09/2026)",Necesidad de acceso multiplataforma sin complicar el registro,Usabilidad y desempeño,"Preferencia de acceso multiplataforma/móvil (celular, laptop, tablet)"
101,P12,P10,"confirmado_literal | LITERAL verificado contra transcripcion real (cita corregida a verbatim, 20/09/2026)",Necesidad de trazabilidad de cambios (registro de quién modificó la información),Seguridad,Trazabilidad de cambios (registro de quién modificó la información)
102,P10,P11,"confirmado_literal | LITERAL verificado contra transcripcion real (cita corregida a verbatim, 20/09/2026)","Registro clínico disperso entre digital y físico, sin centralizar",Historia clínica y gestión de pacientes,"Registro clínico no digitalizado o disperso (físico, Word, ofimática, plataformas básicas)"
103,P10,P11,"confirmado_literal | LITERAL verificado contra transcripcion real (cita corregida a verbatim, 20/09/2026)",Dificultad de consulta cuando depende de quién atendió,Historia clínica y gestión de pacientes,Búsqueda lenta o poco confiable del historial
104,P10,P11,"confirmado_literal | LITERAL verificado contra transcripcion real (cita corregida a verbatim, 20/09/2026)",Errores de facturación por repetición de datos,Gestión administrativa y financiera,Errores y demoras de facturación por procesos manuales
105,P10,P11,"confirmado_literal | LITERAL verificado contra transcripcion real (cita corregida a verbatim, 20/09/2026)",Utilidad de alertas automáticas de inventario,Inventario,Falta de alertas automáticas de vencimiento/revisión oportuna
106,P10,P11,"confirmado_literal | LITERAL_CON_ELIPSIS verificado contra transcripcion real (cita corregida a verbatim, 20/09/2026)",Pérdida de espacios de agenda por inasistencias no contactadas a tiempo,Citas y comunicación con propietarios,Impacto de inasistencias y pérdida de seguimiento
107,P10,P11,"confirmado_literal | LITERAL_SOLO_EN_AUTOMATICA verificado contra transcripcion real (cita corregida a verbatim, 20/09/2026)",Necesidad de un proceso organizado de comunicación de resultados,Citas y comunicación con propietarios,Necesidad de un proceso organizado/historial de comunicaciones
108,P10,P11,"confirmado_literal | LITERAL verificado contra transcripcion real (cita corregida a verbatim, 20/09/2026)",Alta aceptación de IA diagnóstica (4-5/5),Inteligencia Artificial,Aceptación variable de IA diagnóstica (de moderada a alta)
109,P10,P11,"confirmado_literal | LITERAL verificado contra transcripcion real (cita corregida a verbatim, 20/09/2026)",Rechazo a decisión clínica basada solo en fotos/mensajes sin evaluación presencial,Inteligencia Artificial,Validación/revisión obligatoria del veterinario sobre sugerencias de IA
110,P10,P11,"confirmado_literal | LITERAL verificado contra transcripcion real (cita corregida a verbatim, 20/09/2026)",Riesgo de abandono si la herramienta requiere demasiados pasos,Usabilidad y desempeño,Riesgo de abandono de la herramienta si requiere demasiados pasos
111,P10,P11,"confirmado_literal | LITERAL verificado contra transcripcion real (cita corregida a verbatim, 20/09/2026)",Necesidad de un sistema centralizado de historial y citas,Historia clínica y gestión de pacientes,Priorización de un sistema centralizado de historial y seguimiento de citas
112,P14,P12,"confirmado_literal | LITERAL verificado contra transcripcion real (cita corregida a verbatim, 20/09/2026)","Registro clínico mixto (sistema básico + fichas físicas), difícil de ordenar con alto volumen",Historia clínica y gestión de pacientes,"Registro clínico no digitalizado o disperso (físico, Word, ofimática, plataformas básicas)"
113,P14,P12,"confirmado_literal | LITERAL verificado contra transcripcion real (cita corregida a verbatim, 20/09/2026)",Demora en localizar antecedentes registrados por otro profesional,Historia clínica y gestión de pacientes,Búsqueda lenta o poco confiable del historial
114,P14,P12,"confirmado_literal | LITERAL verificado contra transcripcion real (cita corregida a verbatim, 20/09/2026)",Errores de facturación por transcripción manual,Gestión administrativa y financiera,Errores y demoras de facturación por procesos manuales
115,P14,P12,"confirmado_literal | LITERAL verificado contra transcripcion real (cita corregida a verbatim, 20/09/2026)","Control de inventario en hoja de cálculo externa, detección tardía",Inventario,Registro de inventario en herramientas no integradas (plataforma externa/Excel)
116,P14,P12,"confirmado_literal | LITERAL verificado contra transcripcion real (cita corregida a verbatim, 20/09/2026)",Impacto de inasistencias frecuentes en horarios no aprovechables,Citas y comunicación con propietarios,Impacto de inasistencias y pérdida de seguimiento
117,P14,P12,"confirmado_literal | LITERAL verificado contra transcripcion real (cita corregida a verbatim, 20/09/2026)",Seguimiento por WhatsApp dependiente de revisar notas previas,Citas y comunicación con propietarios,Canales informales de comunicación con propietarios (WhatsApp/teléfono)
118,P14,P12,"confirmado_literal | LITERAL verificado contra transcripcion real (cita corregida a verbatim, 20/09/2026)",Interés en gráficas/alertas automáticas de evolución de peso,Historia clínica y gestión de pacientes,Registro histórico de peso y estado nutricional
119,P12,P12,"confirmado_literal | LITERAL verificado contra transcripcion real (cita corregida a verbatim, 20/09/2026)",Total acuerdo (5/5) con IA analizando datos clínicos para sugerir diagnóstico,Inteligencia Artificial,Aceptación variable de IA diagnóstica (de moderada a alta)
120,P14,P12,"confirmado_literal | LITERAL_CON_ELIPSIS verificado contra transcripcion real (cita corregida a verbatim, 20/09/2026)",Confianza alta condicionada a revisión del veterinario,Inteligencia Artificial,Validación/revisión obligatoria del veterinario sobre sugerencias de IA
121,P14,P12,"confirmado_literal | LITERAL verificado contra transcripcion real (cita corregida a verbatim, 20/09/2026)",Necesidad de permisos diferenciados por usuario y respaldo de información,Usabilidad y desempeño,Necesidad de permisos diferenciados por usuario y respaldo de información
122,P14,P12,"confirmado_literal | LITERAL verificado contra transcripcion real (cita corregida a verbatim, 20/09/2026)",Necesidad de un historial de comunicaciones por propietario,Citas y comunicación con propietarios,Necesidad de un proceso organizado/historial de comunicaciones
123,P15,P13,"confirmado_literal | LITERAL verificado contra transcripcion real (cita corregida a verbatim, 20/09/2026)","Registro en cuaderno único cronológico, sin fichas individuales por paciente",Historia clínica y gestión de pacientes,"Registro clínico no digitalizado o disperso (físico, Word, ofimática, plataformas básicas)"
124,P15,P13,"confirmado_literal | LITERAL_CON_ELIPSIS verificado contra transcripcion real (cita corregida a verbatim, 20/09/2026)",Búsqueda página por página por registro cronológico no organizado,Historia clínica y gestión de pacientes,Búsqueda lenta o poco confiable del historial
125,P15,P13,"confirmado_literal | LITERAL verificado contra transcripcion real (cita corregida a verbatim, 20/09/2026)",Descuadre de caja por doble registro manual separado,Gestión administrativa y financiera,Errores y demoras de facturación por procesos manuales
126,P15,P13,"confirmado_literal | LITERAL_CON_ELIPSIS verificado contra transcripcion real (cita corregida a verbatim, 20/09/2026)","Ausencia de control formal de inventario, revisión visual",Inventario,Ausencia de control de inventario formal (manual/inexistente)
127,P15,P13,"confirmado_literal | LITERAL verificado contra transcripcion real (cita corregida a verbatim, 20/09/2026)",Ausencia de agenda formal de citas,Citas y comunicación con propietarios,Ausencia de agenda formal de citas
128,P15,P13,"confirmado_literal | LITERAL verificado contra transcripcion real (cita corregida a verbatim, 20/09/2026)","Comunicación no estandarizada, dependiente de cada persona",Citas y comunicación con propietarios,Falta de estandarización y roles indefinidos en la comunicación (auxiliar vs. veterinario)
129,P15,P13,"confirmado_literal | LITERAL verificado contra transcripcion real (cita corregida a verbatim, 20/09/2026)","Total acuerdo (5/5) con IA diagnóstica, valorado como apoyo en formación",Inteligencia Artificial,Aceptación variable de IA diagnóstica (de moderada a alta)
130,P13,P13,"confirmado_literal | LITERAL verificado contra transcripcion real (cita corregida a verbatim, 20/09/2026)",Alta confianza en IA como referencia directa,Inteligencia Artificial,Aceptación variable de IA diagnóstica (de moderada a alta)
131,P15,P13,"confirmado_literal | LITERAL verificado contra transcripcion real (cita corregida a verbatim, 20/09/2026)",Condiciones de confianza: literatura validada y facilidad de uso,Inteligencia Artificial,"Condiciones de confianza en IA (literatura validada, revisión, actualizaciones, protección de datos)"
132,P15,P13,"confirmado_literal | LITERAL verificado contra transcripcion real (cita corregida a verbatim, 20/09/2026)",Preferencia de acceso móvil sobre computadora,Usabilidad y desempeño,"Preferencia de acceso multiplataforma/móvil (celular, laptop, tablet)"
133,P15,P13,"confirmado_literal | LITERAL verificado contra transcripcion real (cita corregida a verbatim, 20/09/2026)",Alta frecuencia de cortes de conectividad (4/5),Usabilidad y desempeño,Frecuencia variable de cortes de conectividad en la clínica
134,P15,P13,"confirmado_literal | LITERAL verificado contra transcripcion real (cita corregida a verbatim, 20/09/2026)",Registro fotográfico de evolución clínica vinculado a la ficha,Historia clínica y gestión de pacientes,Registro fotográfico de evolución clínica vinculado a la ficha
135,P11,P14,"confirmado_literal | LITERAL verificado contra transcripcion real (cita corregida a verbatim, 20/09/2026)",Registro clínico mixto computadora/físico,Historia clínica y gestión de pacientes,"Registro clínico no digitalizado o disperso (físico, Word, ofimática, plataformas básicas)"
136,P16,P14,"confirmado_literal | LITERAL verificado contra transcripcion real (cita corregida a verbatim, 20/09/2026)","Falta de vista unificada de antecedentes, vacunas y alergias",Historia clínica y gestión de pacientes,Búsqueda lenta o poco confiable del historial
137,P16,P14,"confirmado_literal | LITERAL verificado contra transcripcion real (cita corregida a verbatim, 20/09/2026)",Demoras de facturación por comprobación manual de servicios múltiples,Gestión administrativa y financiera,Errores y demoras de facturación por procesos manuales
138,P16,P14,"confirmado_literal | LITERAL verificado contra transcripcion real (cita corregida a verbatim, 20/09/2026)",Falta de alerta automática de bajo stock/vencimiento,Inventario,Falta de alertas automáticas de vencimiento/revisión oportuna
139,P16,P14,"confirmado_literal | LITERAL_CON_ELIPSIS verificado contra transcripcion real (cita corregida a verbatim, 20/09/2026)",Vacíos de agenda por olvido; interés en recordatorio automático,Citas y comunicación con propietarios,Impacto de inasistencias y pérdida de seguimiento
140,P16,P14,"confirmado_literal | LITERAL_CON_ELIPSIS verificado contra transcripcion real (cita corregida a verbatim, 20/09/2026)",Auxiliar transmite información del veterinario sin modificar indicaciones,Citas y comunicación con propietarios,Falta de estandarización y roles indefinidos en la comunicación (auxiliar vs. veterinario)
141,P16,P14,"confirmado_literal | LITERAL verificado contra transcripcion real (cita corregida a verbatim, 20/09/2026)",Acuerdo alto (4/5) con IA como apoyo para ordenar antecedentes,Inteligencia Artificial,Aceptación variable de IA diagnóstica (de moderada a alta)
142,P16,P14,"confirmado_literal | LITERAL verificado contra transcripcion real (cita corregida a verbatim, 20/09/2026)",Confianza condicionada a trazabilidad del origen de la recomendación de IA,Inteligencia Artificial,"Condiciones de confianza en IA (literatura validada, revisión, actualizaciones, protección de datos)"
143,P16,P14,"confirmado_literal | LITERAL verificado contra transcripcion real (cita corregida a verbatim, 20/09/2026)",Necesidad de niveles de acceso por cargo y respaldo de información,Usabilidad y desempeño,Necesidad de permisos diferenciados por usuario y respaldo de información
144,P16,P14,"confirmado_literal | LITERAL verificado contra transcripcion real (cita corregida a verbatim, 20/09/2026)",Necesidad de sincronización de datos en modo offline,Usabilidad y desempeño,Necesidad de sincronización de datos en modo offline
145,P11,P15,"confirmado_literal | LITERAL verificado contra transcripcion real (cita corregida a verbatim, 20/09/2026)","Registro clínico mixto, información pendiente con alto volumen",Historia clínica y gestión de pacientes,"Registro clínico no digitalizado o disperso (físico, Word, ofimática, plataformas básicas)"
146,P11,P15,"confirmado_literal | LITERAL verificado contra transcripcion real (cita corregida a verbatim, 20/09/2026)",Dificultad para ubicar dónde quedó registrada la información,Historia clínica y gestión de pacientes,Búsqueda lenta o poco confiable del historial
147,P11,P15,"confirmado_literal | LITERAL verificado contra transcripcion real (cita corregida a verbatim, 20/09/2026)",Errores de facturación por revisión manual de múltiples productos,Gestión administrativa y financiera,Errores y demoras de facturación por procesos manuales
148,P11,P15,"confirmado_literal | LITERAL verificado contra transcripcion real (cita corregida a verbatim, 20/09/2026)",Riesgo de vencimiento/agotamiento no detectado a tiempo,Inventario,Falta de alertas automáticas de vencimiento/revisión oportuna
149,P11,P15,"confirmado_literal | LITERAL verificado contra transcripcion real (cita corregida a verbatim, 20/09/2026)",Pérdida de espacio de atención por inasistencias pese a recordatorios,Citas y comunicación con propietarios,Impacto de inasistencias y pérdida de seguimiento
150,P11,P15,"confirmado_literal | LITERAL verificado contra transcripcion real (cita corregida a verbatim, 20/09/2026)",Auxiliar orienta aspectos generales; veterinario valida lo específico,Citas y comunicación con propietarios,Falta de estandarización y roles indefinidos en la comunicación (auxiliar vs. veterinario)
151,P11,P15,"confirmado_literal | LITERAL verificado contra transcripcion real (cita corregida a verbatim, 20/09/2026)","Total acuerdo (5/5) con IA sugiriendo diagnósticos, con revisión profesional",Inteligencia Artificial,Aceptación variable de IA diagnóstica (de moderada a alta)
152,P11,P15,"confirmado_literal | LITERAL verificado contra transcripcion real (cita corregida a verbatim, 20/09/2026)","Confianza moderada en IA, sin sustituir indicación del profesional",Inteligencia Artificial,Validación/revisión obligatoria del veterinario sobre sugerencias de IA
153,P15,P15,"confirmado_literal | LITERAL verificado contra transcripcion real (cita corregida a verbatim, 20/09/2026)",Condiciones de confianza: literatura validada y revisión veterinaria,Inteligencia Artificial,"Condiciones de confianza en IA (literatura validada, revisión, actualizaciones, protección de datos)"
154,P11,P15,"confirmado_literal | LITERAL verificado contra transcripcion real (cita corregida a verbatim, 20/09/2026)",Necesidad de funcionamiento en computadora y celular,Usabilidad y desempeño,"Preferencia de acceso multiplataforma/móvil (celular, laptop, tablet)"
155,P11,P15,"confirmado_literal | LITERAL verificado contra transcripcion real (cita corregida a verbatim, 20/09/2026)",Solicitud de gestión de tareas operativas del personal auxiliar,Gestión administrativa y financiera,Gestión de tareas operativas del personal auxiliar
156,P13,P16,"confirmado_literal | LITERAL verificado contra transcripcion real (cita corregida a verbatim, 20/09/2026)",Registro en cuadernos físicos y hojas de Excel,Historia clínica y gestión de pacientes,"Registro clínico no digitalizado o disperso (físico, Word, ofimática, plataformas básicas)"
157,P13,P16,"confirmado_literal | LITERAL verificado contra transcripcion real (cita corregida a verbatim, 20/09/2026)",Duplicación manual de datos ya existentes en fichas anteriores,Historia clínica y gestión de pacientes,Duplicación manual de datos ya existentes en fichas anteriores
158,P13,P16,"confirmado_literal | LITERAL verificado contra transcripcion real (cita corregida a verbatim, 20/09/2026)",Errores de cobro por servicios olvidados o cobrados incorrectamente,Gestión administrativa y financiera,Errores y demoras de facturación por procesos manuales
159,P13,P16,"confirmado_literal | LITERAL verificado contra transcripcion real (cita corregida a verbatim, 20/09/2026)",Medicamentos vencidos sin alerta previa,Inventario,Falta de alertas automáticas de vencimiento/revisión oportuna
160,P13,P16,"confirmado_literal | LITERAL verificado contra transcripcion real (cita corregida a verbatim, 20/09/2026)",Cancelaciones frecuentes sin recordatorio automático,Citas y comunicación con propietarios,Impacto de inasistencias y pérdida de seguimiento
161,P13,P16,"confirmado_literal | LITERAL_CON_ELIPSIS verificado contra transcripcion real (cita corregida a verbatim, 20/09/2026)",Comunicación por WhatsApp personal consume tiempo fuera de horario laboral,Citas y comunicación con propietarios,Canales informales de comunicación con propietarios (WhatsApp/teléfono)
162,P13,P16,"confirmado_literal | LITERAL verificado contra transcripcion real (cita corregida a verbatim, 20/09/2026)",Desconfianza en fuentes de internet no validadas usadas por propietarios,Inteligencia Artificial,Desconfianza en fuentes de internet no validadas usadas por propietarios
163,P13,P16,"confirmado_literal | LITERAL verificado contra transcripcion real (cita corregida a verbatim, 20/09/2026)","Acuerdo alto (4/5) con IA sugiriendo diagnósticos, decisión final del veterinario",Inteligencia Artificial,Validación/revisión obligatoria del veterinario sobre sugerencias de IA
164,P13,P16,"confirmado_literal | LITERAL_CON_ELIPSIS verificado contra transcripcion real (cita corregida a verbatim, 20/09/2026)","Confianza moderada en IA, con validación propia",Inteligencia Artificial,Aceptación variable de IA diagnóstica (de moderada a alta)
165,P13,P16,"confirmado_literal | LITERAL_CON_ELIPSIS verificado contra transcripcion real (cita corregida a verbatim, 20/09/2026)",Condiciones de confianza: revisión veterinaria y protección de datos,Inteligencia Artificial,"Condiciones de confianza en IA (literatura validada, revisión, actualizaciones, protección de datos)"
166,P13,P16,"confirmado_literal | LITERAL verificado contra transcripcion real (cita corregida a verbatim, 20/09/2026)",Necesidad de acceso multiplataforma y rapidez por alta rotación de personal,Usabilidad y desempeño,"Preferencia de acceso multiplataforma/móvil (celular, laptop, tablet)"
167,P13,P16,"confirmado_literal | LITERAL_CON_ELIPSIS verificado contra transcripcion real (cita corregida a verbatim, 20/09/2026)",Solicitud de alertas de refuerzo de vacunas,Historia clínica y gestión de pacientes,Control y recordatorio de vacunación
